{
    "boxOfficeResult": {
        "boxofficeType": "일별 박스오피스",
        "showRange": "20220927~20220927",
        "dailyBoxOfficeList": [
            {
                "rnum": "1",
                "rank": "1",
                "rankInten": "0",
                "rankOldAndNew": "OLD",
                "movieCd": "20215601",
                "movieNm": "공조2: 인터내셔날",
                "openDt": "2022-09-07",
                "salesAmt": "525650814",
                "salesShare": "46.7",
                "salesInten": "-46852448",
                "salesChange": "-8.2",
                "salesAcc": "58326215018",
                "audiCnt": "54534",
                "audiInten": "-3741",
                "audiChange": "-6.4",
                "audiAcc": "5668183",
                "scrnCnt": "1523",
                "showCnt": "6186"
            },
            {
                "rnum": "2",
                "rank": "2",
                "rankInten": "0",
                "rankOldAndNew": "OLD",
                "movieCd": "20211472",
                "movieNm": "늑대사냥",
                "openDt": "2022-09-21",
                "salesAmt": "214072321",
                "salesShare": "19.0",
                "salesInten": "-24193187",
                "salesChange": "-10.2",
                "salesAcc": "3858472055",
                "audiCnt": "23155",
                "audiInten": "85",
                "audiChange": "0.4",
                "audiAcc": "371028",
                "scrnCnt": "1087",
                "showCnt": "3915"
            },
            {
                "rnum": "3",
                "rank": "3",
                "rankInten": "0",
                "rankOldAndNew": "OLD",
                "movieCd": "20226957",
                "movieNm": "아바타 리마스터링",
                "openDt": "2022-09-21",
                "salesAmt": "150589180",
                "salesShare": "13.4",
                "salesInten": "-3749200",
                "salesChange": "-2.4",
                "salesAcc": "2139308500",
                "audiCnt": "9737",
                "audiInten": "-71",
                "audiChange": "-0.7",
                "audiAcc": "132537",
                "scrnCnt": "277",
                "showCnt": "998"
            },
            {
                "rnum": "4",
                "rank": "4",
                "rankInten": "0",
                "rankOldAndNew": "OLD",
                "movieCd": "20217826",
                "movieNm": "육사오(6/45)",
                "openDt": "2022-08-24",
                "salesAmt": "59703488",
                "salesShare": "5.3",
                "salesInten": "3755387",
                "salesChange": "6.7",
                "salesAcc": "19484542406",
                "audiCnt": "7295",
                "audiInten": "601",
                "audiChange": "9",
                "audiAcc": "1943440",
                "scrnCnt": "559",
                "showCnt": "1081"
            },
            {
                "rnum": "5",
                "rank": "5",
                "rankInten": "2",
                "rankOldAndNew": "OLD",
                "movieCd": "20226879",
                "movieNm": "인생은 뷰티풀: 비타돌체",
                "openDt": "2022-09-07",
                "salesAmt": "40641000",
                "salesShare": "3.6",
                "salesInten": "-9881500",
                "salesChange": "-19.6",
                "salesAcc": "1642670000",
                "audiCnt": "1868",
                "audiInten": "-488",
                "audiChange": "-20.7",
                "audiAcc": "51956",
                "scrnCnt": "16",
                "showCnt": "18"
            },
            {
                "rnum": "6",
                "rank": "6",
                "rankInten": "8",
                "rankOldAndNew": "OLD",
                "movieCd": "20226444",
                "movieNm": "극장판 엄마 까투리: 도시로 간 까투리 가족",
                "openDt": "2022-09-08",
                "salesAmt": "11654500",
                "salesShare": "1.0",
                "salesInten": "5941200",
                "salesChange": "104",
                "salesAcc": "1542118019",
                "audiCnt": "1675",
                "audiInten": "1036",
                "audiChange": "162.1",
                "audiAcc": "165133",
                "scrnCnt": "158",
                "showCnt": "184"
            },
            {
                "rnum": "7",
                "rank": "7",
                "rankInten": "9",
                "rankOldAndNew": "OLD",
                "movieCd": "20196776",
                "movieNm": "프린세스 아야",
                "openDt": "2022-09-21",
                "salesAmt": "8100000",
                "salesShare": "0.7",
                "salesInten": "4590701",
                "salesChange": "130.8",
                "salesAcc": "124097696",
                "audiCnt": "1280",
                "audiInten": "801",
                "audiChange": "167.2",
                "audiAcc": "15253",
                "scrnCnt": "141",
                "showCnt": "170"
            },
            {
                "rnum": "8",
                "rank": "8",
                "rankInten": "0",
                "rankOldAndNew": "OLD",
                "movieCd": "20211792",
                "movieNm": "헌트",
                "openDt": "2022-08-10",
                "salesAmt": "9881196",
                "salesShare": "0.9",
                "salesInten": "367001",
                "salesChange": "3.9",
                "salesAcc": "44548840861",
                "audiCnt": "1252",
                "audiInten": "104",
                "audiChange": "9.1",
                "audiAcc": "4346825",
                "scrnCnt": "192",
                "showCnt": "290"
            },
            {
                "rnum": "9",
                "rank": "9",
                "rankInten": "0",
                "rankOldAndNew": "OLD",
                "movieCd": "20217624",
                "movieNm": "컴백홈",
                "openDt": "2022-10-05",
                "salesAmt": "8973000",
                "salesShare": "0.8",
                "salesInten": "0",
                "salesChange": "0",
                "salesAcc": "25857000",
                "audiCnt": "997",
                "audiInten": "0",
                "audiChange": "0",
                "audiAcc": "2873",
                "scrnCnt": "5",
                "showCnt": "5"
            },
            {
                "rnum": "10",
                "rank": "10",
                "rankInten": "0",
                "rankOldAndNew": "OLD",
                "movieCd": "20226751",
                "movieNm": "극장판 5등분의 신부",
                "openDt": "2022-09-22",
                "salesAmt": "10430900",
                "salesShare": "0.9",
                "salesInten": "-245200",
                "salesChange": "-2.3",
                "salesAcc": "283926900",
                "audiCnt": "955",
                "audiInten": "-28",
                "audiChange": "-2.8",
                "audiAcc": "25298",
                "scrnCnt": "88",
                "showCnt": "180"
            }
        ]
    }
}